-- Generated from SQLite for Alembic seed

-- Table: groups
INSERT INTO groups ("id", "name", "start_year", "end_year", "description", "created_at", "is_archived") VALUES (1, 'Г-31', 2022, 2030, 'Эксплуатация и ремонт газовых энергетических установок надводных кораблей', '2025-06-23 09:54:54.322506', 0);
INSERT INTO groups ("id", "name", "start_year", "end_year", "description", "created_at", "is_archived") VALUES (2, 'В-21', 2024, 2026, NULL, '2025-08-24 11:48:24.852349', 0);
INSERT INTO groups ("id", "name", "start_year", "end_year", "description", "created_at", "is_archived") VALUES (3, 'В-31', 2022, 2025, NULL, '2025-08-24 12:18:46.164009', 0);
INSERT INTO groups ("id", "name", "start_year", "end_year", "description", "created_at", "is_archived") VALUES (5, 'Д-31', 2025, 2027, NULL, '2025-09-15 16:08:18.064997', 0);
INSERT INTO groups ("id", "name", "start_year", "end_year", "description", "created_at", "is_archived") VALUES (6, 'Я-31', 2025, 2026, NULL, '2025-09-15 18:51:16.252312', 0);

-- Table: users
INSERT INTO users ("id", "username", "full_name", "password", "role", "is_active", "created_at", "last_login", "refresh_token", "is_archived") VALUES (1, 'admin', 'Admin', '$2b$12$rSe8I.sU5ClA90Kvdh2DQ.VsIBAtjDHnE3bWRGJWKYg94sE8Pstgq', 'ADMIN', 1, '2025-06-20 20:47:25.060941', NULL, 'eyJhbGciOiJIUzI1NiIsInR5cCI6IkpXVCJ9.eyJzdWIiOiIxIiwicm9sZSI6ImFkbWluIiwiZXhwIjoxNzU4NjEzODMyLCJ0b2tlbl90eXBlIjoicmVmcmVzaCJ9.p6yPyl-qVvRogo0Kj7JdfU413gMWhpQRJ35Bfq6-DlY', 0);
INSERT INTO users ("id", "username", "full_name", "password", "role", "is_active", "created_at", "last_login", "refresh_token", "is_archived") VALUES (2, 'gavrilov.kp', 'Гаврилов Константин Павлович', '$2b$12$rSe8I.sU5ClA90Kvdh2DQ.VsIBAtjDHnE3bWRGJWKYg94sE8Pstgq', 'TEACHER', 1, '2025-06-23 09:43:02.751913', NULL, 'eyJhbGciOiJIUzI1NiIsInR5cCI6IkpXVCJ9.eyJzdWIiOiIyIiwicm9sZSI6InRlYWNoZXIiLCJleHAiOjE3NTg2MTM4MTksInRva2VuX3R5cGUiOiJyZWZyZXNoIn0.M4imO90nlfXKHkLMEvTWINZu208aY9Lvi9b4rtkK6Y0', 0);
INSERT INTO users ("id", "username", "full_name", "password", "role", "is_active", "created_at", "last_login", "refresh_token", "is_archived") VALUES (3, 'pereyatentsev.ao', 'Переятенцев Артём Олегович', '$2b$12$rSe8I.sU5ClA90Kvdh2DQ.VsIBAtjDHnE3bWRGJWKYg94sE8Pstgq', 'STUDENT', 1, '2025-06-20 22:11:13.776128', NULL, 'eyJhbGciOiJIUzI1NiIsInR5cCI6IkpXVCJ9.eyJzdWIiOiIzIiwicm9sZSI6InN0dWRlbnQiLCJleHAiOjE3NTcwMDAwNzAsInRva2VuX3R5cGUiOiJyZWZyZXNoIn0.HelHpIR_zjOW5vp5cvzBE1_ukLyY6zSoKcK8hYydwBI', 0);
INSERT INTO users ("id", "username", "full_name", "password", "role", "is_active", "created_at", "last_login", "refresh_token", "is_archived") VALUES (4, 'chertkov.dg', 'Чертков Даниил Геннадьевич', '$2b$12$rSe8I.sU5ClA90Kvdh2DQ.VsIBAtjDHnE3bWRGJWKYg94sE8Pstgq', 'STUDENT', 1, '2025-07-07 08:41:45.069045', NULL, 'eyJhbGciOiJIUzI1NiIsInR5cCI6IkpXVCJ9.eyJzdWIiOiI0Iiwicm9sZSI6InN0dWRlbnQiLCJleHAiOjE3NTY2Mzk4NDYsInRva2VuX3R5cGUiOiJyZWZyZXNoIn0.5rMlJlxBtj24o8Jx2IumIGUOH7SOuQpFpjUNqkupLl4', 0);
INSERT INTO users ("id", "username", "full_name", "password", "role", "is_active", "created_at", "last_login", "refresh_token", "is_archived") VALUES (5, 'student_2202026', 'student', '$2b$12$rSe8I.sU5ClA90Kvdh2DQ.VsIBAtjDHnE3bWRGJWKYg94sE8Pstgq', 'STUDENT', 1, '2025-09-15 15:30:03.798941', NULL, 'eyJhbGciOiJIUzI1NiIsInR5cCI6IkpXVCJ9.eyJzdWIiOiI1Iiwicm9sZSI6ImFkbWluIiwiZXhwIjoxNzU4NTU1MDIyLCJ0b2tlbl90eXBlIjoicmVmcmVzaCJ9.k2l14J_m56l0bSTzEHGqwFQgCQ8jzCNJRBA-FDwm4ag', 0);

-- Table: group_students
INSERT INTO group_students ("group_id", "user_id", "status", "joined_at", "left_at", "created_at", "updated_at", "is_archived") VALUES (1, 3, 'ACTIVE', '2025-08-23 17:22:37.000243', NULL, '2025-08-23 17:22:37.000248', '2025-09-15 16:01:30.953000', 0);
INSERT INTO group_students ("group_id", "user_id", "status", "joined_at", "left_at", "created_at", "updated_at", "is_archived") VALUES (1, 4, 'ACTIVE', '2025-08-23 17:22:39.495445', NULL, '2025-08-23 17:22:39.495450', NULL, 0);
INSERT INTO group_students ("group_id", "user_id", "status", "joined_at", "left_at", "created_at", "updated_at", "is_archived") VALUES (3, 3, 'ACTIVE', '2025-08-24 12:18:54.415164', NULL, '2025-08-24 12:18:54.415168', '2025-08-24 12:28:33.339280', 1);
INSERT INTO group_students ("group_id", "user_id", "status", "joined_at", "left_at", "created_at", "updated_at", "is_archived") VALUES (3, 4, 'ACTIVE', '2025-08-24 12:18:57.341989', NULL, '2025-08-24 12:18:57.341996', NULL, 0);
INSERT INTO group_students ("group_id", "user_id", "status", "joined_at", "left_at", "created_at", "updated_at", "is_archived") VALUES (5, 3, 'ACTIVE', '2025-09-15 16:14:29.001060', NULL, '2025-09-15 16:14:29.001063', NULL, 0);
INSERT INTO group_students ("group_id", "user_id", "status", "joined_at", "left_at", "created_at", "updated_at", "is_archived") VALUES (5, 4, 'ACTIVE', '2025-09-15 16:14:29.025650', NULL, '2025-09-15 16:14:29.025652', '2025-09-15 18:15:45.588691', 0);

-- Table: group_teachers
INSERT INTO group_teachers ("group_id", "user_id", "created_at", "is_archived") VALUES (1, 5, '2025-06-23 09:55:01.526052', 0);
INSERT INTO group_teachers ("group_id", "user_id", "created_at", "is_archived") VALUES (2, 2, '2025-08-23 17:21:58.295361', 0);
INSERT INTO group_teachers ("group_id", "user_id", "created_at", "is_archived") VALUES (1, 2, '2025-08-23 17:22:26.944558', 0);
INSERT INTO group_teachers ("group_id", "user_id", "created_at", "is_archived") VALUES (2, 1, '2025-08-24 11:48:24.977378', 1);
INSERT INTO group_teachers ("group_id", "user_id", "created_at", "is_archived") VALUES (3, 2, '2025-08-24 12:18:46.215684', 0);
INSERT INTO group_teachers ("group_id", "user_id", "created_at", "is_archived") VALUES (4, 1, '2025-08-24 14:29:39.129422', 0);
INSERT INTO group_teachers ("group_id", "user_id", "created_at", "is_archived") VALUES (5, 2, '2025-09-15 16:08:18.078038', 0);
INSERT INTO group_teachers ("group_id", "user_id", "created_at", "is_archived") VALUES (6, 2, '2025-09-15 18:51:16.274335', 0);

-- Table: topics
INSERT INTO topics ("id", "title", "description", "category", "image", "created_at", "updated_at", "is_archived", "creator_id") VALUES (1, 'Газотурбинные Двигатели', 'Курс можно адаптировать как для университетских программ, так и для повышения квалификации инженеров.', 'ГТД', 'https://dm.energy/wp-content/uploads/2022/10/dg-90-ugt15000.jpg', '2025-06-23 09:35:04.578122', NULL, 0, 2);
INSERT INTO topics ("id", "title", "description", "category", "image", "created_at", "updated_at", "is_archived", "creator_id") VALUES (2, 'Дизельные Двигатели', 'Устройство, Теория и Эксплуатация', 'Двигатели', 'https://a.d-cd.net/b2b05e1s-480.jpg', '2025-06-23 09:47:33.055769', NULL, 0, 2);
INSERT INTO topics ("id", "title", "description", "category", "image", "created_at", "updated_at", "is_archived", "creator_id") VALUES (4, 'Масляная система', 'Масляная система', 'Масляная система', 'https://studfile.net/html/2706/612/html_TLv5KRglp4.PgNJ/htmlconvd-VBW2I0_html_aae573a0faadb3bc.png', '2025-07-04 13:28:10.921108', NULL, 0, 2);

-- Table: sections
INSERT INTO sections ("id", "topic_id", "title", "content", "description", "order", "created_at", "updated_at", "is_archived") VALUES (1, 1, 'Раздел 1. Конструкция и принципы работы ГТД', '', 'В этом разделе мы познакомимся с общим устройством газотурбинного двигателя для судов, рассмотрим его основные узлы и термодинамические принципы. Вы поймёте, как работает компрессор, камера сгорания и турбина, и какие параметры влияют на эффективность ГТД в морских условиях.', 0, '2025-07-07 09:17:29.577343', NULL, 0);
INSERT INTO sections ("id", "topic_id", "title", "content", "description", "order", "created_at", "updated_at", "is_archived") VALUES (2, 1, 'Раздел 2. Топливная система ГТД', '', 'Рассмотрим особенности подачи и подготовки топлива в газотурбинных установках, важность качества топлива и требования к его системе. Обсудим фильтрацию, подогрев и регулирование расхода для обеспечения стабильной работы двигателей на флоте.', 0, '2025-07-07 09:43:04.992184', NULL, 0);

-- Table: subsections
INSERT INTO subsections ("id", "section_id", "title", "content", "type", "order", "created_at", "updated_at", "is_archived", "file_path") VALUES (1, 1, 'Основные узлы газотурбинного двигателя', 'Газотурбинный двигатель состоит из трёх ключевых частей: компрессора, камеры сгорания и турбины. Компрессор нагнетает воздух, повышая его давление. Камера сгорания смешивает сжатый воздух с топливом, в результате чего образуются горячие газы. Турбина превращает энергию этих газов в механическую работу, приводя в движение вал или редуктор. Корпус двигателя обеспечивает герметичность, а уплотнения предотвращают утечку. Современные ГТД оснащаются системами охлаждения лопаток и датчиками температуры и давления для оптимального управления.', 'TEXT', 1, '2025-07-07 09:18:03.847780', '2025-07-07 09:49:43.876599', 0, NULL);
INSERT INTO subsections ("id", "section_id", "title", "content", "type", "order", "created_at", "updated_at", "is_archived", "file_path") VALUES (2, 1, 'Рабочий цикл и термодинамические принципы', 'Рабочий цикл газотурбинного двигателя основан на цикле Брайтона: всасывание, сжатие, подача топлива и сгорание, расширение и выпуск. На этапе сжатия компрессор повышает давление воздуха, что улучшает тепловой КПД. В камере сгорания происходит постоянное сгорание топлива при практически неизменном давлении. Затем газы расширяются через турбину, совершая полезную работу. Постоянный поток делает ГТД быстрым в реакции на изменение нагрузки, однако эффективность падает при частичной загрузке.', 'TEXT', 2, '2025-07-07 09:18:17.504965', '2025-07-07 09:49:57.685935', 0, NULL);
INSERT INTO subsections ("id", "section_id", "title", "content", "type", "order", "created_at", "updated_at", "is_archived", "file_path") VALUES (3, 2, '2.1. Компоненты топливной системы', 'Топливная система ГТД включает приёмные баки, фильтры тонкой и грубой очистки, насосы низкого и высокого давления, линии подачи и форсунки. Баки снабжены подогревателями для удаления влаги. Фильтры защищают насосы и форсунки от загрязнений. Насос первого ступеня подаёт топливо к ступенчатому нагнетателю высокого давления, обеспечивая требуемый напор. Параметры системы контролируются датчиками расхода и давления топлива.', 'TEXT', 1, '2025-07-07 09:43:32.435974', NULL, 0, NULL);
INSERT INTO subsections ("id", "section_id", "title", "content", "type", "order", "created_at", "updated_at", "is_archived", "file_path") VALUES (4, 2, '2.2. Система подачи и регулирования расхода топлива', 'Регулирование подачи топлива осуществляется по сигналам от контроллера двигателя: изменение давления на форсунках и длительности впрыска. Пропорциональный клапан дозирует поток, а дросселирующий элемент отвечает за изменение мощности. В аварийных режимах система переходит на ограниченный режим подачи, защищая двигатель от перегрузок. Автоматический регулятор поддерживает оптимальное соотношение воздух/топливо.', 'TEXT', 2, '2025-07-07 09:43:56.095922', NULL, 0, NULL);

-- Table: tests
INSERT INTO tests ("id", "section_id", "topic_id", "title", "duration", "type", "created_at", "updated_at", "is_archived", "completion_percentage", "description", "max_attempts") VALUES (13, 1, NULL, 'Тестовый тест', 1, 'HINTED', '2025-08-06 20:50:28.170124', '2025-08-14 20:20:45.916620', 0, 100.0, NULL, NULL);
INSERT INTO tests ("id", "section_id", "topic_id", "title", "duration", "type", "created_at", "updated_at", "is_archived", "completion_percentage", "description", "max_attempts") VALUES (14, 1, NULL, 'Тестовый тест 3', NULL, 'SECTION_FINAL', '2025-08-28 19:31:02.301605', '2025-08-28 19:53:13.480629', 1, 0.0, NULL, 3);
INSERT INTO tests ("id", "section_id", "topic_id", "title", "duration", "type", "created_at", "updated_at", "is_archived", "completion_percentage", "description", "max_attempts") VALUES (15, 1, NULL, 'Тестовый тест 2', NULL, 'SECTION_FINAL', '2025-08-28 19:33:17.864614', '2025-08-28 19:53:30.663183', 1, 0.0, NULL, 3);

-- Table: questions
INSERT INTO questions ("id", "test_id", "question", "question_type", "options", "correct_answer", "hint", "is_final", "image", "created_at", "updated_at", "is_archived", "correct_answer_index", "correct_answer_indices") VALUES (25, 13, 'Первый вопрос ', 'MULTIPLE_CHOICE', '["\u0411", "\u0410", "\u0412"]', '[1, 0, 2]', 'Ответ А, Б', 0, NULL, '2025-08-06 20:50:28.232808', '2025-08-28 19:08:36.468771', 0, NULL, NULL);
INSERT INTO questions ("id", "test_id", "question", "question_type", "options", "correct_answer", "hint", "is_final", "image", "created_at", "updated_at", "is_archived", "correct_answer_index", "correct_answer_indices") VALUES (26, 13, 'Второй вопрос', 'MULTIPLE_CHOICE', '["\u0412", "\u0410", "\u0411"]', '[2]', 'Ответ Б', 0, NULL, '2025-08-06 20:50:28.250901', '2025-08-28 19:07:22.115034', 0, NULL, NULL);
INSERT INTO questions ("id", "test_id", "question", "question_type", "options", "correct_answer", "hint", "is_final", "image", "created_at", "updated_at", "is_archived", "correct_answer_index", "correct_answer_indices") VALUES (27, 13, 'Третий вопрос', 'MULTIPLE_CHOICE', '["\u0412", "\u0411", "\u0410"]', '[0]', 'Ответ В', 0, NULL, '2025-08-06 20:50:28.267018', '2025-08-28 19:08:36.507728', 0, NULL, NULL);
INSERT INTO questions ("id", "test_id", "question", "question_type", "options", "correct_answer", "hint", "is_final", "image", "created_at", "updated_at", "is_archived", "correct_answer_index", "correct_answer_indices") VALUES (28, 14, 'Вопрос 3 АВ', 'OPEN_TEXT', 'null', '"\u0412"', '', 1, NULL, '2025-08-28 19:31:02.337771', '2025-08-28 19:34:04.526269', 0, NULL, NULL);
INSERT INTO questions ("id", "test_id", "question", "question_type", "options", "correct_answer", "hint", "is_final", "image", "created_at", "updated_at", "is_archived", "correct_answer_index", "correct_answer_indices") VALUES (29, 15, 'Вопрос 3 В', 'OPEN_TEXT', 'null', '"\u0412"', '', 1, NULL, '2025-08-28 19:33:17.901765', NULL, 0, NULL, NULL);

-- Table: test_attempts
INSERT INTO test_attempts ("id", "user_id", "test_id", "attempt_number", "score", "time_spent", "answers", "started_at", "completed_at", "created_at", "updated_at", "is_archived", "status", "randomized_config") VALUES (66, 2, 13, 1, 100.0, 8, '{"25": [1], "26": [0], "27": [2]}', '2025-08-14 20:20:37.643189', '2025-08-14 20:20:45.902096', '2025-08-14 20:20:37.645441', '2025-08-14 20:20:45.903273', 0, 'COMPLETED', '{"27": {"question": "\u0422\u0440\u0435\u0442\u0438\u0439 \u0432\u043e\u043f\u0440\u043e\u0441", "question_type": "multiple_choice", "options": ["\u0410", "\u0411", "\u0412"], "hint": "\u041e\u0442\u0432\u0435\u0442 \u0412", "image": null, "correct_answer_index": null, "correct_answer_indices": [2]}, "26": {"question": "\u0412\u0442\u043e\u0440\u043e\u0439 \u0432\u043e\u043f\u0440\u043e\u0441", "question_type": "multiple_choice", "options": ["\u0411", "\u0412", "\u0410"], "hint": "\u041e\u0442\u0432\u0435\u0442 \u0411", "image": null, "correct_answer_index": null, "correct_answer_indices": [0]}, "25": {"question": "\u041f\u0435\u0440\u0432\u044b\u0439 \u0432\u043e\u043f\u0440\u043e\u0441 ", "question_type": "multiple_choice", "options": ["\u0411", "\u0410", "\u0412"], "hint": "\u041e\u0442\u0432\u0435\u0442 \u0410", "image": null, "correct_answer_index": null, "correct_answer_indices": [1]}}');
INSERT INTO test_attempts ("id", "user_id", "test_id", "attempt_number", "score", "time_spent", "answers", "started_at", "completed_at", "created_at", "updated_at", "is_archived", "status", "randomized_config") VALUES (67, 2, 13, 2, 100.0, 26, '{"25": [2], "26": [0], "27": [0]}', '2025-08-14 20:22:11.251906', '2025-08-14 20:22:37.718798', '2025-08-14 20:22:11.254726', '2025-08-14 20:22:37.719322', 0, 'COMPLETED', '{"27": {"question": "\u0422\u0440\u0435\u0442\u0438\u0439 \u0432\u043e\u043f\u0440\u043e\u0441", "question_type": "multiple_choice", "options": ["\u0412", "\u0411", "\u0410"], "hint": "\u041e\u0442\u0432\u0435\u0442 \u0412", "image": null, "correct_answer_index": null, "correct_answer_indices": [0]}, "25": {"question": "\u041f\u0435\u0440\u0432\u044b\u0439 \u0432\u043e\u043f\u0440\u043e\u0441 ", "question_type": "multiple_choice", "options": ["\u0411", "\u0412", "\u0410"], "hint": "\u041e\u0442\u0432\u0435\u0442 \u0410", "image": null, "correct_answer_index": null, "correct_answer_indices": [2]}, "26": {"question": "\u0412\u0442\u043e\u0440\u043e\u0439 \u0432\u043e\u043f\u0440\u043e\u0441", "question_type": "multiple_choice", "options": ["\u0411", "\u0410", "\u0412"], "hint": "\u041e\u0442\u0432\u0435\u0442 \u0411", "image": null, "correct_answer_index": null, "correct_answer_indices": [0]}}');
INSERT INTO test_attempts ("id", "user_id", "test_id", "attempt_number", "score", "time_spent", "answers", "started_at", "completed_at", "created_at", "updated_at", "is_archived", "status", "randomized_config") VALUES (68, 2, 13, 3, 33.33, 8, '{"25": [0], "26": [0], "27": [0]}', '2025-08-14 20:23:56.983408', '2025-08-14 20:24:05.082592', '2025-08-14 20:23:56.985554', '2025-08-14 20:24:05.083372', 0, 'COMPLETED', '{"25": {"question": "\u041f\u0435\u0440\u0432\u044b\u0439 \u0432\u043e\u043f\u0440\u043e\u0441 ", "question_type": "multiple_choice", "options": ["\u0410", "\u0411", "\u0412"], "hint": "\u041e\u0442\u0432\u0435\u0442 \u0410", "image": null, "correct_answer_index": null, "correct_answer_indices": [0]}, "27": {"question": "\u0422\u0440\u0435\u0442\u0438\u0439 \u0432\u043e\u043f\u0440\u043e\u0441", "question_type": "multiple_choice", "options": ["\u0410", "\u0411", "\u0412"], "hint": "\u041e\u0442\u0432\u0435\u0442 \u0412", "image": null, "correct_answer_index": null, "correct_answer_indices": [2]}, "26": {"question": "\u0412\u0442\u043e\u0440\u043e\u0439 \u0432\u043e\u043f\u0440\u043e\u0441", "question_type": "multiple_choice", "options": ["\u0412", "\u0411", "\u0410"], "hint": "\u041e\u0442\u0432\u0435\u0442 \u0411", "image": null, "correct_answer_index": null, "correct_answer_indices": [1]}}');
INSERT INTO test_attempts ("id", "user_id", "test_id", "attempt_number", "score", "time_spent", "answers", "started_at", "completed_at", "created_at", "updated_at", "is_archived", "status", "randomized_config") VALUES (69, 2, 13, 4, NULL, NULL, NULL, '2025-08-14 20:27:26.585894', '2025-08-14 20:28:41.206960', '2025-08-14 20:27:26.588184', '2025-08-14 20:28:41.207632', 0, 'COMPLETED', '{"25": {"question": "\u041f\u0435\u0440\u0432\u044b\u0439 \u0432\u043e\u043f\u0440\u043e\u0441 ", "question_type": "multiple_choice", "options": ["\u0411", "\u0412", "\u0410"], "hint": "\u041e\u0442\u0432\u0435\u0442 \u0410", "image": null, "correct_answer_index": null, "correct_answer_indices": [2]}, "27": {"question": "\u0422\u0440\u0435\u0442\u0438\u0439 \u0432\u043e\u043f\u0440\u043e\u0441", "question_type": "multiple_choice", "options": ["\u0410", "\u0411", "\u0412"], "hint": "\u041e\u0442\u0432\u0435\u0442 \u0412", "image": null, "correct_answer_index": null, "correct_answer_indices": [2]}, "26": {"question": "\u0412\u0442\u043e\u0440\u043e\u0439 \u0432\u043e\u043f\u0440\u043e\u0441", "question_type": "multiple_choice", "options": ["\u0410", "\u0411", "\u0412"], "hint": "\u041e\u0442\u0432\u0435\u0442 \u0411", "image": null, "correct_answer_index": null, "correct_answer_indices": [1]}}');
INSERT INTO test_attempts ("id", "user_id", "test_id", "attempt_number", "score", "time_spent", "answers", "started_at", "completed_at", "created_at", "updated_at", "is_archived", "status", "randomized_config") VALUES (70, 2, 13, 5, NULL, NULL, NULL, '2025-08-14 20:28:42.145480', '2025-08-14 20:29:49.987823', '2025-08-14 20:28:42.150731', '2025-08-14 20:29:49.988335', 0, 'COMPLETED', '{"25": {"question": "\u041f\u0435\u0440\u0432\u044b\u0439 \u0432\u043e\u043f\u0440\u043e\u0441 ", "question_type": "multiple_choice", "options": ["\u0410", "\u0411", "\u0412"], "hint": "\u041e\u0442\u0432\u0435\u0442 \u0410", "image": null, "correct_answer_index": null, "correct_answer_indices": [0]}, "27": {"question": "\u0422\u0440\u0435\u0442\u0438\u0439 \u0432\u043e\u043f\u0440\u043e\u0441", "question_type": "multiple_choice", "options": ["\u0411", "\u0412", "\u0410"], "hint": "\u041e\u0442\u0432\u0435\u0442 \u0412", "image": null, "correct_answer_index": null, "correct_answer_indices": [1]}, "26": {"question": "\u0412\u0442\u043e\u0440\u043e\u0439 \u0432\u043e\u043f\u0440\u043e\u0441", "question_type": "multiple_choice", "options": ["\u0410", "\u0412", "\u0411"], "hint": "\u041e\u0442\u0432\u0435\u0442 \u0411", "image": null, "correct_answer_index": null, "correct_answer_indices": [2]}}');
INSERT INTO test_attempts ("id", "user_id", "test_id", "attempt_number", "score", "time_spent", "answers", "started_at", "completed_at", "created_at", "updated_at", "is_archived", "status", "randomized_config") VALUES (71, 2, 13, 6, NULL, NULL, NULL, '2025-08-14 20:29:51.340254', '2025-08-14 20:33:24.025059', '2025-08-14 20:29:51.343345', '2025-08-14 20:33:24.027233', 0, 'COMPLETED', '{"25": {"question": "\u041f\u0435\u0440\u0432\u044b\u0439 \u0432\u043e\u043f\u0440\u043e\u0441 ", "question_type": "multiple_choice", "options": ["\u0412", "\u0410", "\u0411"], "hint": "\u041e\u0442\u0432\u0435\u0442 \u0410", "image": null, "correct_answer_index": null, "correct_answer_indices": [1]}, "26": {"question": "\u0412\u0442\u043e\u0440\u043e\u0439 \u0432\u043e\u043f\u0440\u043e\u0441", "question_type": "multiple_choice", "options": ["\u0412", "\u0410", "\u0411"], "hint": "\u041e\u0442\u0432\u0435\u0442 \u0411", "image": null, "correct_answer_index": null, "correct_answer_indices": [2]}, "27": {"question": "\u0422\u0440\u0435\u0442\u0438\u0439 \u0432\u043e\u043f\u0440\u043e\u0441", "question_type": "multiple_choice", "options": ["\u0410", "\u0411", "\u0412"], "hint": "\u041e\u0442\u0432\u0435\u0442 \u0412", "image": null, "correct_answer_index": null, "correct_answer_indices": [2]}}');
INSERT INTO test_attempts ("id", "user_id", "test_id", "attempt_number", "score", "time_spent", "answers", "started_at", "completed_at", "created_at", "updated_at", "is_archived", "status", "randomized_config") VALUES (72, 2, 13, 7, NULL, NULL, NULL, '2025-08-14 20:33:24.929956', '2025-08-14 20:37:18.380611', '2025-08-14 20:33:24.936224', '2025-08-14 20:37:18.382696', 0, 'COMPLETED', '{"25": {"question": "\u041f\u0435\u0440\u0432\u044b\u0439 \u0432\u043e\u043f\u0440\u043e\u0441 ", "question_type": "multiple_choice", "options": ["\u0412", "\u0410", "\u0411"], "hint": "\u041e\u0442\u0432\u0435\u0442 \u0410", "image": null, "correct_answer_index": null, "correct_answer_indices": [1]}, "27": {"question": "\u0422\u0440\u0435\u0442\u0438\u0439 \u0432\u043e\u043f\u0440\u043e\u0441", "question_type": "multiple_choice", "options": ["\u0410", "\u0411", "\u0412"], "hint": "\u041e\u0442\u0432\u0435\u0442 \u0412", "image": null, "correct_answer_index": null, "correct_answer_indices": [2]}, "26": {"question": "\u0412\u0442\u043e\u0440\u043e\u0439 \u0432\u043e\u043f\u0440\u043e\u0441", "question_type": "multiple_choice", "options": ["\u0410", "\u0411", "\u0412"], "hint": "\u041e\u0442\u0432\u0435\u0442 \u0411", "image": null, "correct_answer_index": null, "correct_answer_indices": [1]}}');
INSERT INTO test_attempts ("id", "user_id", "test_id", "attempt_number", "score", "time_spent", "answers", "started_at", "completed_at", "created_at", "updated_at", "is_archived", "status", "randomized_config") VALUES (73, 2, 13, 8, 100.0, 9, '{"25": [0], "26": [0], "27": [1]}', '2025-08-14 20:37:19.823996', '2025-08-14 20:37:29.709931', '2025-08-14 20:37:19.831221', '2025-08-14 20:37:29.711584', 0, 'COMPLETED', '{"27": {"question": "\u0422\u0440\u0435\u0442\u0438\u0439 \u0432\u043e\u043f\u0440\u043e\u0441", "question_type": "multiple_choice", "options": ["\u0410", "\u0412", "\u0411"], "hint": "\u041e\u0442\u0432\u0435\u0442 \u0412", "image": null, "correct_answer_index": null, "correct_answer_indices": [1]}, "25": {"question": "\u041f\u0435\u0440\u0432\u044b\u0439 \u0432\u043e\u043f\u0440\u043e\u0441 ", "question_type": "multiple_choice", "options": ["\u0410", "\u0411", "\u0412"], "hint": "\u041e\u0442\u0432\u0435\u0442 \u0410", "image": null, "correct_answer_index": null, "correct_answer_indices": [0]}, "26": {"question": "\u0412\u0442\u043e\u0440\u043e\u0439 \u0432\u043e\u043f\u0440\u043e\u0441", "question_type": "multiple_choice", "options": ["\u0411", "\u0412", "\u0410"], "hint": "\u041e\u0442\u0432\u0435\u0442 \u0411", "image": null, "correct_answer_index": null, "correct_answer_indices": [0]}}');
INSERT INTO test_attempts ("id", "user_id", "test_id", "attempt_number", "score", "time_spent", "answers", "started_at", "completed_at", "created_at", "updated_at", "is_archived", "status", "randomized_config") VALUES (74, 2, 13, 9, 100.0, 8, '{"25": [2], "26": [1], "27": [2]}', '2025-08-14 20:48:36.875750', '2025-08-14 20:48:45.440804', '2025-08-14 20:48:36.883324', '2025-08-14 20:48:45.441877', 0, 'COMPLETED', '{"26": {"question": "\u0412\u0442\u043e\u0440\u043e\u0439 \u0432\u043e\u043f\u0440\u043e\u0441", "question_type": "multiple_choice", "options": ["\u0410", "\u0411", "\u0412"], "hint": "\u041e\u0442\u0432\u0435\u0442 \u0411", "image": null, "correct_answer_index": null, "correct_answer_indices": [1]}, "25": {"question": "\u041f\u0435\u0440\u0432\u044b\u0439 \u0432\u043e\u043f\u0440\u043e\u0441 ", "question_type": "multiple_choice", "options": ["\u0412", "\u0411", "\u0410"], "hint": "\u041e\u0442\u0432\u0435\u0442 \u0410", "image": null, "correct_answer_index": null, "correct_answer_indices": [2]}, "27": {"question": "\u0422\u0440\u0435\u0442\u0438\u0439 \u0432\u043e\u043f\u0440\u043e\u0441", "question_type": "multiple_choice", "options": ["\u0410", "\u0411", "\u0412"], "hint": "\u041e\u0442\u0432\u0435\u0442 \u0412", "image": null, "correct_answer_index": null, "correct_answer_indices": [2]}}');
INSERT INTO test_attempts ("id", "user_id", "test_id", "attempt_number", "score", "time_spent", "answers", "started_at", "completed_at", "created_at", "updated_at", "is_archived", "status", "randomized_config") VALUES (75, 2, 13, 10, 100.0, 11, '{"25": [1], "26": [0], "27": [0]}', '2025-08-14 21:07:44.583765', '2025-08-14 21:07:55.662805', '2025-08-14 21:07:44.589331', '2025-08-14 21:07:55.663850', 0, 'COMPLETED', '{"26": {"question": "\u0412\u0442\u043e\u0440\u043e\u0439 \u0432\u043e\u043f\u0440\u043e\u0441", "question_type": "multiple_choice", "options": ["\u0411", "\u0412", "\u0410"], "hint": "\u041e\u0442\u0432\u0435\u0442 \u0411", "image": null, "correct_answer_index": null, "correct_answer_indices": [0]}, "25": {"question": "\u041f\u0435\u0440\u0432\u044b\u0439 \u0432\u043e\u043f\u0440\u043e\u0441 ", "question_type": "multiple_choice", "options": ["\u0411", "\u0410", "\u0412"], "hint": "\u041e\u0442\u0432\u0435\u0442 \u0410", "image": null, "correct_answer_index": null, "correct_answer_indices": [1]}, "27": {"question": "\u0422\u0440\u0435\u0442\u0438\u0439 \u0432\u043e\u043f\u0440\u043e\u0441", "question_type": "multiple_choice", "options": ["\u0412", "\u0411", "\u0410"], "hint": "\u041e\u0442\u0432\u0435\u0442 \u0412", "image": null, "correct_answer_index": null, "correct_answer_indices": [0]}}');
INSERT INTO test_attempts ("id", "user_id", "test_id", "attempt_number", "score", "time_spent", "answers", "started_at", "completed_at", "created_at", "updated_at", "is_archived", "status", "randomized_config") VALUES (76, 2, 13, 11, 100.0, 8, '{"25": [1], "26": [2], "27": [2]}', '2025-08-14 21:08:50.827055', '2025-08-14 21:08:59.357091', '2025-08-14 21:08:50.831166', '2025-08-14 21:08:59.358516', 0, 'COMPLETED', '{"25": {"question": "\u041f\u0435\u0440\u0432\u044b\u0439 \u0432\u043e\u043f\u0440\u043e\u0441 ", "question_type": "multiple_choice", "options": ["\u0411", "\u0410", "\u0412"], "hint": "\u041e\u0442\u0432\u0435\u0442 \u0410", "image": null, "correct_answer_index": null, "correct_answer_indices": [1]}, "27": {"question": "\u0422\u0440\u0435\u0442\u0438\u0439 \u0432\u043e\u043f\u0440\u043e\u0441", "question_type": "multiple_choice", "options": ["\u0411", "\u0410", "\u0412"], "hint": "\u041e\u0442\u0432\u0435\u0442 \u0412", "image": null, "correct_answer_index": null, "correct_answer_indices": [2]}, "26": {"question": "\u0412\u0442\u043e\u0440\u043e\u0439 \u0432\u043e\u043f\u0440\u043e\u0441", "question_type": "multiple_choice", "options": ["\u0410", "\u0412", "\u0411"], "hint": "\u041e\u0442\u0432\u0435\u0442 \u0411", "image": null, "correct_answer_index": null, "correct_answer_indices": [2]}}');
INSERT INTO test_attempts ("id", "user_id", "test_id", "attempt_number", "score", "time_spent", "answers", "started_at", "completed_at", "created_at", "updated_at", "is_archived", "status", "randomized_config") VALUES (77, 2, 13, 12, 100.0, 7, '{"25": [0], "26": [2], "27": [2]}', '2025-08-14 21:13:11.401160', '2025-08-14 21:13:18.903644', '2025-08-14 21:13:11.406836', '2025-08-14 21:13:18.904715', 0, 'COMPLETED', '{"26": {"question": "\u0412\u0442\u043e\u0440\u043e\u0439 \u0432\u043e\u043f\u0440\u043e\u0441", "question_type": "multiple_choice", "options": ["\u0412", "\u0410", "\u0411"], "hint": "\u041e\u0442\u0432\u0435\u0442 \u0411", "image": null, "correct_answer_index": null, "correct_answer_indices": [2]}, "25": {"question": "\u041f\u0435\u0440\u0432\u044b\u0439 \u0432\u043e\u043f\u0440\u043e\u0441 ", "question_type": "multiple_choice", "options": ["\u0410", "\u0412", "\u0411"], "hint": "\u041e\u0442\u0432\u0435\u0442 \u0410", "image": null, "correct_answer_index": null, "correct_answer_indices": [0]}, "27": {"question": "\u0422\u0440\u0435\u0442\u0438\u0439 \u0432\u043e\u043f\u0440\u043e\u0441", "question_type": "multiple_choice", "options": ["\u0411", "\u0410", "\u0412"], "hint": "\u041e\u0442\u0432\u0435\u0442 \u0412", "image": null, "correct_answer_index": null, "correct_answer_indices": [2]}}');
INSERT INTO test_attempts ("id", "user_id", "test_id", "attempt_number", "score", "time_spent", "answers", "started_at", "completed_at", "created_at", "updated_at", "is_archived", "status", "randomized_config") VALUES (78, 2, 13, 13, 100.0, 9, '{"25": [1], "26": [0], "27": [1]}', '2025-08-14 21:14:32.247730', '2025-08-14 21:14:41.257210', '2025-08-14 21:14:32.252573', '2025-08-14 21:14:41.257621', 0, 'COMPLETED', '{"27": {"question": "\u0422\u0440\u0435\u0442\u0438\u0439 \u0432\u043e\u043f\u0440\u043e\u0441", "question_type": "multiple_choice", "options": ["\u0410", "\u0412", "\u0411"], "hint": "\u041e\u0442\u0432\u0435\u0442 \u0412", "image": null, "correct_answer_index": null, "correct_answer_indices": [1]}, "26": {"question": "\u0412\u0442\u043e\u0440\u043e\u0439 \u0432\u043e\u043f\u0440\u043e\u0441", "question_type": "multiple_choice", "options": ["\u0411", "\u0410", "\u0412"], "hint": "\u041e\u0442\u0432\u0435\u0442 \u0411", "image": null, "correct_answer_index": null, "correct_answer_indices": [0]}, "25": {"question": "\u041f\u0435\u0440\u0432\u044b\u0439 \u0432\u043e\u043f\u0440\u043e\u0441 ", "question_type": "multiple_choice", "options": ["\u0412", "\u0410", "\u0411"], "hint": "\u041e\u0442\u0432\u0435\u0442 \u0410", "image": null, "correct_answer_index": null, "correct_answer_indices": [1]}}');
INSERT INTO test_attempts ("id", "user_id", "test_id", "attempt_number", "score", "time_spent", "answers", "started_at", "completed_at", "created_at", "updated_at", "is_archived", "status", "randomized_config") VALUES (79, 2, 13, 14, NULL, NULL, NULL, '2025-08-14 21:14:50.326994', '2025-08-14 21:15:50.725556', '2025-08-14 21:14:50.330818', '2025-08-14 21:15:50.727044', 0, 'COMPLETED', '{"27": {"question": "\u0422\u0440\u0435\u0442\u0438\u0439 \u0432\u043e\u043f\u0440\u043e\u0441", "question_type": "multiple_choice", "options": ["\u0410", "\u0412", "\u0411"], "hint": "\u041e\u0442\u0432\u0435\u0442 \u0412", "image": null, "correct_answer_index": null, "correct_answer_indices": [1]}, "26": {"question": "\u0412\u0442\u043e\u0440\u043e\u0439 \u0432\u043e\u043f\u0440\u043e\u0441", "question_type": "multiple_choice", "options": ["\u0412", "\u0411", "\u0410"], "hint": "\u041e\u0442\u0432\u0435\u0442 \u0411", "image": null, "correct_answer_index": null, "correct_answer_indices": [1]}, "25": {"question": "\u041f\u0435\u0440\u0432\u044b\u0439 \u0432\u043e\u043f\u0440\u043e\u0441 ", "question_type": "multiple_choice", "options": ["\u0410", "\u0411", "\u0412"], "hint": "\u041e\u0442\u0432\u0435\u0442 \u0410", "image": null, "correct_answer_index": null, "correct_answer_indices": [0]}}');
INSERT INTO test_attempts ("id", "user_id", "test_id", "attempt_number", "score", "time_spent", "answers", "started_at", "completed_at", "created_at", "updated_at", "is_archived", "status", "randomized_config") VALUES (80, 2, 13, 15, NULL, NULL, NULL, '2025-08-14 21:15:59.824817', '2025-08-14 21:17:00.201060', '2025-08-14 21:15:59.828371', '2025-08-14 21:17:00.201653', 0, 'COMPLETED', '{"27": {"question": "\u0422\u0440\u0435\u0442\u0438\u0439 \u0432\u043e\u043f\u0440\u043e\u0441", "question_type": "multiple_choice", "options": ["\u0410", "\u0412", "\u0411"], "hint": "\u041e\u0442\u0432\u0435\u0442 \u0412", "image": null, "correct_answer_index": null, "correct_answer_indices": [1]}, "25": {"question": "\u041f\u0435\u0440\u0432\u044b\u0439 \u0432\u043e\u043f\u0440\u043e\u0441 ", "question_type": "multiple_choice", "options": ["\u0411", "\u0412", "\u0410"], "hint": "\u041e\u0442\u0432\u0435\u0442 \u0410", "image": null, "correct_answer_index": null, "correct_answer_indices": [2]}, "26": {"question": "\u0412\u0442\u043e\u0440\u043e\u0439 \u0432\u043e\u043f\u0440\u043e\u0441", "question_type": "multiple_choice", "options": ["\u0410", "\u0411", "\u0412"], "hint": "\u041e\u0442\u0432\u0435\u0442 \u0411", "image": null, "correct_answer_index": null, "correct_answer_indices": [1]}}');
INSERT INTO test_attempts ("id", "user_id", "test_id", "attempt_number", "score", "time_spent", "answers", "started_at", "completed_at", "created_at", "updated_at", "is_archived", "status", "randomized_config") VALUES (81, 2, 13, 16, 33.33, 9, '{"26": [2], "25": [1], "27": [0]}', '2025-08-14 21:29:41.568473', '2025-08-14 21:29:50.843125', '2025-08-14 21:29:41.574776', '2025-08-14 21:29:50.844178', 0, 'COMPLETED', '{"25": {"question": "\u041f\u0435\u0440\u0432\u044b\u0439 \u0432\u043e\u043f\u0440\u043e\u0441 ", "question_type": "multiple_choice", "options": ["\u0410", "\u0412", "\u0411"], "hint": "\u041e\u0442\u0432\u0435\u0442 \u0410", "image": null, "correct_answer_index": null, "correct_answer_indices": [0]}, "27": {"question": "\u0422\u0440\u0435\u0442\u0438\u0439 \u0432\u043e\u043f\u0440\u043e\u0441", "question_type": "multiple_choice", "options": ["\u0410", "\u0411", "\u0412"], "hint": "\u041e\u0442\u0432\u0435\u0442 \u0412", "image": null, "correct_answer_index": null, "correct_answer_indices": [2]}, "26": {"question": "\u0412\u0442\u043e\u0440\u043e\u0439 \u0432\u043e\u043f\u0440\u043e\u0441", "question_type": "multiple_choice", "options": ["\u0410", "\u0412", "\u0411"], "hint": "\u041e\u0442\u0432\u0435\u0442 \u0411", "image": null, "correct_answer_index": null, "correct_answer_indices": [2]}}');
INSERT INTO test_attempts ("id", "user_id", "test_id", "attempt_number", "score", "time_spent", "answers", "started_at", "completed_at", "created_at", "updated_at", "is_archived", "status", "randomized_config") VALUES (82, 2, 13, 17, 33.33, 6, '{"25": [0], "26": [2], "27": [1]}', '2025-08-14 21:30:17.458230', '2025-08-14 21:30:23.628220', '2025-08-14 21:30:17.463162', '2025-08-14 21:30:23.629347', 0, 'COMPLETED', '{"25": {"question": "\u041f\u0435\u0440\u0432\u044b\u0439 \u0432\u043e\u043f\u0440\u043e\u0441 ", "question_type": "multiple_choice", "options": ["\u0412", "\u0411", "\u0410"], "hint": "\u041e\u0442\u0432\u0435\u0442 \u0410", "image": null, "correct_answer_index": null, "correct_answer_indices": [2]}, "26": {"question": "\u0412\u0442\u043e\u0440\u043e\u0439 \u0432\u043e\u043f\u0440\u043e\u0441", "question_type": "multiple_choice", "options": ["\u0412", "\u0411", "\u0410"], "hint": "\u041e\u0442\u0432\u0435\u0442 \u0411", "image": null, "correct_answer_index": null, "correct_answer_indices": [1]}, "27": {"question": "\u0422\u0440\u0435\u0442\u0438\u0439 \u0432\u043e\u043f\u0440\u043e\u0441", "question_type": "multiple_choice", "options": ["\u0411", "\u0412", "\u0410"], "hint": "\u041e\u0442\u0432\u0435\u0442 \u0412", "image": null, "correct_answer_index": null, "correct_answer_indices": [1]}}');
INSERT INTO test_attempts ("id", "user_id", "test_id", "attempt_number", "score", "time_spent", "answers", "started_at", "completed_at", "created_at", "updated_at", "is_archived", "status", "randomized_config") VALUES (83, 2, 13, 18, 66.67, 7, '{"25": [0], "26": [1], "27": [2]}', '2025-08-14 21:39:02.044159', '2025-08-14 21:39:09.876848', '2025-08-14 21:39:02.053082', '2025-08-14 21:39:09.880210', 0, 'COMPLETED', '{"27": {"question": "\u0422\u0440\u0435\u0442\u0438\u0439 \u0432\u043e\u043f\u0440\u043e\u0441", "question_type": "multiple_choice", "options": ["\u0410", "\u0411", "\u0412"], "hint": "\u041e\u0442\u0432\u0435\u0442 \u0412", "image": null, "correct_answer_index": null, "correct_answer_indices": [2]}, "25": {"question": "\u041f\u0435\u0440\u0432\u044b\u0439 \u0432\u043e\u043f\u0440\u043e\u0441 ", "question_type": "multiple_choice", "options": ["\u0410", "\u0412", "\u0411"], "hint": "\u041e\u0442\u0432\u0435\u0442 \u0410", "image": null, "correct_answer_index": null, "correct_answer_indices": [0]}, "26": {"question": "\u0412\u0442\u043e\u0440\u043e\u0439 \u0432\u043e\u043f\u0440\u043e\u0441", "question_type": "multiple_choice", "options": ["\u0410", "\u0412", "\u0411"], "hint": "\u041e\u0442\u0432\u0435\u0442 \u0411", "image": null, "correct_answer_index": null, "correct_answer_indices": [2]}}');
INSERT INTO test_attempts ("id", "user_id", "test_id", "attempt_number", "score", "time_spent", "answers", "started_at", "completed_at", "created_at", "updated_at", "is_archived", "status", "randomized_config") VALUES (84, 2, 13, 19, NULL, NULL, NULL, '2025-08-14 21:39:51.871071', '2025-08-14 21:40:52.307264', '2025-08-14 21:39:51.876435', '2025-08-14 21:40:52.308171', 0, 'COMPLETED', '{"26": {"question": "\u0412\u0442\u043e\u0440\u043e\u0439 \u0432\u043e\u043f\u0440\u043e\u0441", "question_type": "multiple_choice", "options": ["\u0412", "\u0411", "\u0410"], "hint": "\u041e\u0442\u0432\u0435\u0442 \u0411", "image": null, "correct_answer_index": null, "correct_answer_indices": [1]}, "25": {"question": "\u041f\u0435\u0440\u0432\u044b\u0439 \u0432\u043e\u043f\u0440\u043e\u0441 ", "question_type": "multiple_choice", "options": ["\u0411", "\u0412", "\u0410"], "hint": "\u041e\u0442\u0432\u0435\u0442 \u0410", "image": null, "correct_answer_index": null, "correct_answer_indices": [2]}, "27": {"question": "\u0422\u0440\u0435\u0442\u0438\u0439 \u0432\u043e\u043f\u0440\u043e\u0441", "question_type": "multiple_choice", "options": ["\u0411", "\u0412", "\u0410"], "hint": "\u041e\u0442\u0432\u0435\u0442 \u0412", "image": null, "correct_answer_index": null, "correct_answer_indices": [1]}}');
INSERT INTO test_attempts ("id", "user_id", "test_id", "attempt_number", "score", "time_spent", "answers", "started_at", "completed_at", "created_at", "updated_at", "is_archived", "status", "randomized_config") VALUES (85, 2, 13, 20, 100.0, 38, '{"25": [2], "26": [0], "27": [1]}', '2025-08-14 21:41:04.891633', '2025-08-14 21:41:43.297046', '2025-08-14 21:41:04.894067', '2025-08-14 21:41:43.298076', 0, 'COMPLETED', '{"26": {"question": "\u0412\u0442\u043e\u0440\u043e\u0439 \u0432\u043e\u043f\u0440\u043e\u0441", "question_type": "multiple_choice", "options": ["\u0411", "\u0412", "\u0410"], "hint": "\u041e\u0442\u0432\u0435\u0442 \u0411", "image": null, "correct_answer_index": null, "correct_answer_indices": [0]}, "27": {"question": "\u0422\u0440\u0435\u0442\u0438\u0439 \u0432\u043e\u043f\u0440\u043e\u0441", "question_type": "multiple_choice", "options": ["\u0411", "\u0412", "\u0410"], "hint": "\u041e\u0442\u0432\u0435\u0442 \u0412", "image": null, "correct_answer_index": null, "correct_answer_indices": [1]}, "25": {"question": "\u041f\u0435\u0440\u0432\u044b\u0439 \u0432\u043e\u043f\u0440\u043e\u0441 ", "question_type": "multiple_choice", "options": ["\u0412", "\u0411", "\u0410"], "hint": "\u041e\u0442\u0432\u0435\u0442 \u0410", "image": null, "correct_answer_index": null, "correct_answer_indices": [2]}}');
INSERT INTO test_attempts ("id", "user_id", "test_id", "attempt_number", "score", "time_spent", "answers", "started_at", "completed_at", "created_at", "updated_at", "is_archived", "status", "randomized_config") VALUES (86, 2, 13, 21, NULL, NULL, NULL, '2025-08-14 21:46:44.030496', '2025-08-14 21:47:44.442942', '2025-08-14 21:46:44.044123', '2025-08-14 21:47:44.445025', 0, 'COMPLETED', '{"25": {"question": "\u041f\u0435\u0440\u0432\u044b\u0439 \u0432\u043e\u043f\u0440\u043e\u0441 ", "question_type": "multiple_choice", "options": ["\u0412", "\u0410", "\u0411"], "hint": "\u041e\u0442\u0432\u0435\u0442 \u0410", "image": null, "correct_answer_index": null, "correct_answer_indices": [1]}, "26": {"question": "\u0412\u0442\u043e\u0440\u043e\u0439 \u0432\u043e\u043f\u0440\u043e\u0441", "question_type": "multiple_choice", "options": ["\u0411", "\u0410", "\u0412"], "hint": "\u041e\u0442\u0432\u0435\u0442 \u0411", "image": null, "correct_answer_index": null, "correct_answer_indices": [0]}, "27": {"question": "\u0422\u0440\u0435\u0442\u0438\u0439 \u0432\u043e\u043f\u0440\u043e\u0441", "question_type": "multiple_choice", "options": ["\u0411", "\u0412", "\u0410"], "hint": "\u041e\u0442\u0432\u0435\u0442 \u0412", "image": null, "correct_answer_index": null, "correct_answer_indices": [1]}}');
INSERT INTO test_attempts ("id", "user_id", "test_id", "attempt_number", "score", "time_spent", "answers", "started_at", "completed_at", "created_at", "updated_at", "is_archived", "status", "randomized_config") VALUES (87, 2, 13, 22, NULL, NULL, NULL, '2025-08-14 21:50:32.721566', '2025-08-14 21:51:33.823242', '2025-08-14 21:50:32.733416', '2025-08-14 21:51:33.825455', 0, 'COMPLETED', '{"26": {"question": "\u0412\u0442\u043e\u0440\u043e\u0439 \u0432\u043e\u043f\u0440\u043e\u0441", "question_type": "multiple_choice", "options": ["\u0411", "\u0410", "\u0412"], "hint": "\u041e\u0442\u0432\u0435\u0442 \u0411", "image": null, "correct_answer_index": null, "correct_answer_indices": [0]}, "27": {"question": "\u0422\u0440\u0435\u0442\u0438\u0439 \u0432\u043e\u043f\u0440\u043e\u0441", "question_type": "multiple_choice", "options": ["\u0411", "\u0412", "\u0410"], "hint": "\u041e\u0442\u0432\u0435\u0442 \u0412", "image": null, "correct_answer_index": null, "correct_answer_indices": [1]}, "25": {"question": "\u041f\u0435\u0440\u0432\u044b\u0439 \u0432\u043e\u043f\u0440\u043e\u0441 ", "question_type": "multiple_choice", "options": ["\u0412", "\u0411", "\u0410"], "hint": "\u041e\u0442\u0432\u0435\u0442 \u0410", "image": null, "correct_answer_index": null, "correct_answer_indices": [2]}}');
INSERT INTO test_attempts ("id", "user_id", "test_id", "attempt_number", "score", "time_spent", "answers", "started_at", "completed_at", "created_at", "updated_at", "is_archived", "status", "randomized_config") VALUES (88, 2, 13, 23, NULL, NULL, NULL, '2025-08-14 21:55:35.885223', '2025-08-14 21:56:36.357877', '2025-08-14 21:55:35.896340', '2025-08-14 21:56:36.360098', 0, 'COMPLETED', '{"25": {"question": "\u041f\u0435\u0440\u0432\u044b\u0439 \u0432\u043e\u043f\u0440\u043e\u0441 ", "question_type": "multiple_choice", "options": ["\u0411", "\u0412", "\u0410"], "hint": "\u041e\u0442\u0432\u0435\u0442 \u0410", "image": null, "correct_answer_index": null, "correct_answer_indices": [2]}, "26": {"question": "\u0412\u0442\u043e\u0440\u043e\u0439 \u0432\u043e\u043f\u0440\u043e\u0441", "question_type": "multiple_choice", "options": ["\u0410", "\u0411", "\u0412"], "hint": "\u041e\u0442\u0432\u0435\u0442 \u0411", "image": null, "correct_answer_index": null, "correct_answer_indices": [1]}, "27": {"question": "\u0422\u0440\u0435\u0442\u0438\u0439 \u0432\u043e\u043f\u0440\u043e\u0441", "question_type": "multiple_choice", "options": ["\u0410", "\u0412", "\u0411"], "hint": "\u041e\u0442\u0432\u0435\u0442 \u0412", "image": null, "correct_answer_index": null, "correct_answer_indices": [1]}}');
INSERT INTO test_attempts ("id", "user_id", "test_id", "attempt_number", "score", "time_spent", "answers", "started_at", "completed_at", "created_at", "updated_at", "is_archived", "status", "randomized_config") VALUES (89, 3, 13, 1, 100.0, 6, '{"25": [0], "26": [1], "27": [0]}', '2025-08-28 14:08:26.965474', '2025-08-28 14:08:33.812170', '2025-08-28 14:08:26.968164', '2025-08-28 14:08:33.812868', 0, 'COMPLETED', '{"25": {"question": "\u041f\u0435\u0440\u0432\u044b\u0439 \u0432\u043e\u043f\u0440\u043e\u0441 ", "question_type": "multiple_choice", "options": ["\u0410", "\u0411", "\u0412"], "hint": "\u041e\u0442\u0432\u0435\u0442 \u0410", "image": null, "correct_answer_index": null, "correct_answer_indices": [0]}, "27": {"question": "\u0422\u0440\u0435\u0442\u0438\u0439 \u0432\u043e\u043f\u0440\u043e\u0441", "question_type": "multiple_choice", "options": ["\u0412", "\u0410", "\u0411"], "hint": "\u041e\u0442\u0432\u0435\u0442 \u0412", "image": null, "correct_answer_index": null, "correct_answer_indices": [0]}, "26": {"question": "\u0412\u0442\u043e\u0440\u043e\u0439 \u0432\u043e\u043f\u0440\u043e\u0441", "question_type": "multiple_choice", "options": ["\u0412", "\u0411", "\u0410"], "hint": "\u041e\u0442\u0432\u0435\u0442 \u0411", "image": null, "correct_answer_index": null, "correct_answer_indices": [1]}}');
INSERT INTO test_attempts ("id", "user_id", "test_id", "attempt_number", "score", "time_spent", "answers", "started_at", "completed_at", "created_at", "updated_at", "is_archived", "status", "randomized_config") VALUES (90, 3, 13, 2, 0.0, 61, '{"25": [], "26": [], "27": []}', '2025-08-28 15:09:20.640407', '2025-08-28 15:10:21.646409', '2025-08-28 15:09:20.645685', '2025-08-28 15:10:21.647442', 0, 'COMPLETED', '{"26": {"question": "\u0412\u0442\u043e\u0440\u043e\u0439 \u0432\u043e\u043f\u0440\u043e\u0441", "question_type": "multiple_choice", "options": ["\u0410", "\u0412", "\u0411"], "hint": "\u041e\u0442\u0432\u0435\u0442 \u0411", "image": null, "correct_answer_index": null, "correct_answer_indices": [2]}, "27": {"question": "\u0422\u0440\u0435\u0442\u0438\u0439 \u0432\u043e\u043f\u0440\u043e\u0441", "question_type": "multiple_choice", "options": ["\u0410", "\u0412", "\u0411"], "hint": "\u041e\u0442\u0432\u0435\u0442 \u0412", "image": null, "correct_answer_index": null, "correct_answer_indices": [1]}, "25": {"question": "\u041f\u0435\u0440\u0432\u044b\u0439 \u0432\u043e\u043f\u0440\u043e\u0441 ", "question_type": "multiple_choice", "options": ["\u0410", "\u0412", "\u0411"], "hint": "\u041e\u0442\u0432\u0435\u0442 \u0410", "image": null, "correct_answer_index": null, "correct_answer_indices": [0]}}');
INSERT INTO test_attempts ("id", "user_id", "test_id", "attempt_number", "score", "time_spent", "answers", "started_at", "completed_at", "created_at", "updated_at", "is_archived", "status", "randomized_config") VALUES (91, 3, 13, 3, 0.0, 60, '{"25": [], "26": [], "27": []}', '2025-08-28 15:34:40.420875', '2025-08-28 15:35:40.817427', '2025-08-28 15:34:40.427310', '2025-08-28 15:35:40.818025', 0, 'COMPLETED', '{"25": {"question": "\u041f\u0435\u0440\u0432\u044b\u0439 \u0432\u043e\u043f\u0440\u043e\u0441 ", "question_type": "multiple_choice", "options": ["\u0411", "\u0410", "\u0412"], "hint": "\u041e\u0442\u0432\u0435\u0442 \u0410", "image": null, "correct_answer_index": null, "correct_answer_indices": [1]}, "27": {"question": "\u0422\u0440\u0435\u0442\u0438\u0439 \u0432\u043e\u043f\u0440\u043e\u0441", "question_type": "multiple_choice", "options": ["\u0412", "\u0410", "\u0411"], "hint": "\u041e\u0442\u0432\u0435\u0442 \u0412", "image": null, "correct_answer_index": null, "correct_answer_indices": [0]}, "26": {"question": "\u0412\u0442\u043e\u0440\u043e\u0439 \u0432\u043e\u043f\u0440\u043e\u0441", "question_type": "multiple_choice", "options": ["\u0410", "\u0412", "\u0411"], "hint": "\u041e\u0442\u0432\u0435\u0442 \u0411", "image": null, "correct_answer_index": null, "correct_answer_indices": [2]}}');

